Latitude,Longitude,축종,발생두수,ID,nearby_1,nearby_2,nearby_3,nearby_4,nearby_5,nearby_6,nearby_7,nearby_8,nearby_9,nearby_10,nearby_11,nearby_12,nearby_13,nearby_14,nearby_15,nearby_16,nearby_17,nearby_18,nearby_19,nearby_20,nearby_21,nearby_22,nearby_23,nearby_24,nearby_25,nearby_26,nearby_27,nearby_28,nearby_29,nearby_30,nearby_31,nearby_32,nearby_33,nearby_34,nearby_35,nearby_36,nearby_37,nearby_38,nearby_39,nearby_40,nearby_41,nearby_42,nearby_43,nearby_44,nearby_45,nearby_46,nearby_47,nearby_48,nearby_49,nearby_50,nearby_51,nearby_52,nearby_53,nearby_54,nearby_55,nearby_56,nearby_57,nearby_58,nearby_59,nearby_60,nearby_61,nearby_62,nearby_63,nearby_64,nearby_65,nearby_66,nearby_67,nearby_68,nearby_69,nearby_70,nearby_71,nearby_72,nearby_73,nearby_74,nearby_75,nearby_76,nearby_77,nearby_78,nearby_79,nearby_80,nearby_81,nearby_82,nearby_83,nearby_84,nearby_85,nearby_86,nearby_87,nearby_88,nearby_89,nearby_90,nearby_91,nearby_92,nearby_93,nearby_94,nearby_95,nearby_96,nearby_97,nearby_98,nearby_99,nearby_100,nearby_101,nearby_102,nearby_103,nearby_104,nearby_105,nearby_106,nearby_107,nearby_108,nearby_109,nearby_110,nearby_111,nearby_112,nearby_113,nearby_114,nearby_115,nearby_116,nearby_117,nearby_118,nearby_119,nearby_120,nearby_121,nearby_122,nearby_123
36.1533392,128.6041672,벌-개량종,20,6846,1318.0,6846.0,6841.0,8425.0,8427.0,6847.0,,,,,,,,,,,,,,,,,,,,,,,,,,,,,,,,,,,,,,,,,,,,,,,,,,,,,,,,,,,,,,,,,,,,,,,,,,,,,,,,,,,,,,,,,,,,,,,,,,,,,,,,,,,,,,,,,,,,,
37.4679821,128.7981629,벌-개량종,250,2650,,,,,,,,,,,,,,,,,,,,,,,,,,,,,,,,,,,,,,,,,,,,,,,,,,,,,,,,,,,,,,,,,,,,,,,,,,,,,,,,,,,,,,,,,,,,,,,,,,,,,,,,,,,,,,,,,,,,,,,,,,,
36.3371588,127.8960781,벌-개량종,150,6867,,,,,,,,,,,,,,,,,,,,,,,,,,,,,,,,,,,,,,,,,,,,,,,,,,,,,,,,,,,,,,,,,,,,,,,,,,,,,,,,,,,,,,,,,,,,,,,,,,,,,,,,,,,,,,,,,,,,,,,,,,,
37.1712746,128.9669333,벌-개량종,230,632,2593.0,5909.0,632.0,5907.0,2591.0,2594.0,7410.0,,,,,,,,,,,,,,,,,,,,,,,,,,,,,,,,,,,,,,,,,,,,,,,,,,,,,,,,,,,,,,,,,,,,,,,,,,,,,,,,,,,,,,,,,,,,,,,,,,,,,,,,,,,,,,,,,,,,
36.7551344,128.1698493,벌-개량종,63,2547,2547.0,,,,,,,,,,,,,,,,,,,,,,,,,,,,,,,,,,,,,,,,,,,,,,,,,,,,,,,,,,,,,,,,,,,,,,,,,,,,,,,,,,,,,,,,,,,,,,,,,,,,,,,,,,,,,,,,,,,,,,,,,,
35.6789038,129.4305092,벌-개량종,7,569,,,,,,,,,,,,,,,,,,,,,,,,,,,,,,,,,,,,,,,,,,,,,,,,,,,,,,,,,,,,,,,,,,,,,,,,,,,,,,,,,,,,,,,,,,,,,,,,,,,,,,,,,,,,,,,,,,,,,,,,,,,
35.6789038,129.4305092,벌-개량종,7,569,,,,,,,,,,,,,,,,,,,,,,,,,,,,,,,,,,,,,,,,,,,,,,,,,,,,,,,,,,,,,,,,,,,,,,,,,,,,,,,,,,,,,,,,,,,,,,,,,,,,,,,,,,,,,,,,,,,,,,,,,,,
37.9018596,126.8377851,벌-개량종,1,413,5619.0,5620.0,1173.0,3689.0,5286.0,7180.0,6660.0,2323.0,8239.0,707.0,4395.0,2704.0,3152.0,6100.0,1875.0,413.0,,,,,,,,,,,,,,,,,,,,,,,,,,,,,,,,,,,,,,,,,,,,,,,,,,,,,,,,,,,,,,,,,,,,,,,,,,,,,,,,,,,,,,,,,,,,,,,,,,,,,,,,,,,
37.178741,127.5891868,벌-개량종,5,302,5089.0,999.0,3043.0,1398.0,4198.0,298.0,5079.0,4197.0,6516.0,5893.0,302.0,1008.0,1011.0,8124.0,6514.0,6988.0,1400.0,8126.0,1013.0,1002.0,5076.0,3541.0,1403.0,5070.0,1405.0,295.0,6511.0,6989.0,4192.0,297.0,3529.0,5077.0,5084.0,3534.0,6518.0,5075.0,5552.0,5551.0,3533.0,6519.0,4199.0,5087.0,5082.0,4195.0,3532.0,3048.0,1007.0,3047.0,1003.0,5088.0,1401.0,1010.0,7631.0,5550.0,3049.0,2202.0,3530.0,1005.0,3531.0,1004.0,1406.0,1747.0,8125.0,5080.0,4196.0,5891.0,5081.0,6513.0,6986.0,5892.0,6987.0,1399.0,3046.0,5078.0,5549.0,5890.0,6512.0,1006.0,5083.0,6515.0,294.0,2201.0,3044.0,3525.0,5547.0,5886.0,8118.0,1012.0,5553.0,5894.0,6990.0,8127.0,1404.0,5067.0,5085.0,6517.0,8116.0,3535.0,299.0,8505.0,4200.0,5895.0,3051.0,1748.0,3524.0,3050.0,1009.0,6991.0,6985.0,5072.0,4194.0,6510.0,5548.0,6984.0,5074.0,1402.0,4193.0,296.0,8121.0,1001.0,8123.0,5071.0,5086.0
36.605193,128.2073429,벌-개량종,1,3442,,,,,,,,,,,,,,,,,,,,,,,,,,,,,,,,,,,,,,,,,,,,,,,,,,,,,,,,,,,,,,,,,,,,,,,,,,,,,,,,,,,,,,,,,,,,,,,,,,,,,,,,,,,,,,,,,,,,,,,,,,,
35.3241616,128.4270594,벌-개량종,1,6270,6274.0,6270.0,7871.0,4750.0,7466.0,3309.0,1268.0,1270.0,3313.0,1530.0,8900.0,6735.0,8751.0,785.0,4567.0,3930.0,,,,,,,,,,,,,,,,,,,,,,,,,,,,,,,,,,,,,,,,,,,,,,,,,,,,,,,,,,,,,,,,,,,,,,,,,,,,,,,,,,,,,,,,,,,,,,,,,,,,,,,,,,,
37.146709,129.0483328,벌-개량종,170,7634,4174.0,620.0,4175.0,622.0,5876.0,6977.0,5878.0,623.0,993.0,2586.0,4179.0,5879.0,6978.0,1736.0,2587.0,5881.0,6979.0,8943.0,1737.0,2589.0,2590.0,1740.0,6499.0,4205.0,4183.0,1752.0,6525.0,7634.0,7627.0,6532.0,4211.0,1411.0,1754.0,634.0,5917.0,2599.0,1027.0,7004.0,5882.0,,,,,,,,,,,,,,,,,,,,,,,,,,,,,,,,,,,,,,,,,,,,,,,,,,,,,,,,,,,,,,,,,,,,,,,,,,,,,,,,,,,,
37.8496926,126.9644347,벌-개량종,1,2697,,,,,,,,,,,,,,,,,,,,,,,,,,,,,,,,,,,,,,,,,,,,,,,,,,,,,,,,,,,,,,,,,,,,,,,,,,,,,,,,,,,,,,,,,,,,,,,,,,,,,,,,,,,,,,,,,,,,,,,,,,,
35.9213983,129.1566704,벌-개량종,8,6790,,,,,,,,,,,,,,,,,,,,,,,,,,,,,,,,,,,,,,,,,,,,,,,,,,,,,,,,,,,,,,,,,,,,,,,,,,,,,,,,,,,,,,,,,,,,,,,,,,,,,,,,,,,,,,,,,,,,,,,,,,,
36.4328334,128.0152246,벌-개량종,100,178,,,,,,,,,,,,,,,,,,,,,,,,,,,,,,,,,,,,,,,,,,,,,,,,,,,,,,,,,,,,,,,,,,,,,,,,,,,,,,,,,,,,,,,,,,,,,,,,,,,,,,,,,,,,,,,,,,,,,,,,,,,
35.433975,127.6260086,벌-개량종,80,4575,7387.0,475.0,8766.0,6740.0,4575.0,8760.0,6277.0,5423.0,3936.0,1278.0,2849.0,2356.0,2014.0,89.0,564.0,2847.0,2476.0,90.0,1540.0,6279.0,565.0,7882.0,3320.0,5692.0,5424.0,7472.0,,,,,,,,,,,,,,,,,,,,,,,,,,,,,,,,,,,,,,,,,,,,,,,,,,,,,,,,,,,,,,,,,,,,,,,,,,,,,,,,,,,,,,,,,,,,,,,,,
36.7325426,128.1554979,벌-개량종,3,8851,8909.0,225.0,4095.0,7564.0,1357.0,4602.0,1674.0,8036.0,8851.0,5805.0,2547.0,920.0,,,,,,,,,,,,,,,,,,,,,,,,,,,,,,,,,,,,,,,,,,,,,,,,,,,,,,,,,,,,,,,,,,,,,,,,,,,,,,,,,,,,,,,,,,,,,,,,,,,,,,,,,,,,,,,
35.2480059,126.9756866,벌-개량종,1,562,,,,,,,,,,,,,,,,,,,,,,,,,,,,,,,,,,,,,,,,,,,,,,,,,,,,,,,,,,,,,,,,,,,,,,,,,,,,,,,,,,,,,,,,,,,,,,,,,,,,,,,,,,,,,,,,,,,,,,,,,,,
35.3608443,128.4593874,벌-개량종,1,8900,6274.0,7466.0,1270.0,5420.0,3313.0,2845.0,8900.0,7469.0,84.0,6735.0,2010.0,3937.0,3930.0,,,,,,,,,,,,,,,,,,,,,,,,,,,,,,,,,,,,,,,,,,,,,,,,,,,,,,,,,,,,,,,,,,,,,,,,,,,,,,,,,,,,,,,,,,,,,,,,,,,,,,,,,,,,,,
35.2164841,126.5568892,벌-개량종,100,1991,7856.0,776.0,6255.0,6256.0,4740.0,5408.0,3913.0,7458.0,1989.0,2822.0,1991.0,3907.0,7852.0,5403.0,5400.0,2824.0,72.0,469.0,4733.0,2818.0,6253.0,7854.0,1985.0,69.0,1984.0,4734.0,1990.0,68.0,1983.0,5401.0,7849.0,1988.0,2821.0,6727.0,71.0,1518.0,,,,,,,,,,,,,,,,,,,,,,,,,,,,,,,,,,,,,,,,,,,,,,,,,,,,,,,,,,,,,,,,,,,,,,,,,,,,,,,,,,,,,,,
37.2140877,129.3262249,벌-개량종,51,8872,,,,,,,,,,,,,,,,,,,,,,,,,,,,,,,,,,,,,,,,,,,,,,,,,,,,,,,,,,,,,,,,,,,,,,,,,,,,,,,,,,,,,,,,,,,,,,,,,,,,,,,,,,,,,,,,,,,,,,,,,,,
37.8708318,126.9915122,벌-개량종,1,5295,,,,,,,,,,,,,,,,,,,,,,,,,,,,,,,,,,,,,,,,,,,,,,,,,,,,,,,,,,,,,,,,,,,,,,,,,,,,,,,,,,,,,,,,,,,,,,,,,,,,,,,,,,,,,,,,,,,,,,,,,,,
35.6618261,129.4303147,벌-개량종,50,569,569.0,806.0,1557.0,2028.0,2864.0,3331.0,3952.0,4785.0,5432.0,5705.0,6295.0,7904.0,6762.0,8779.0,,,,,,,,,,,,,,,,,,,,,,,,,,,,,,,,,,,,,,,,,,,,,,,,,,,,,,,,,,,,,,,,,,,,,,,,,,,,,,,,,,,,,,,,,,,,,,,,,,,,,,,,,,,,,
35.0389006,126.9988465,벌-개량종,1,6717,,,,,,,,,,,,,,,,,,,,,,,,,,,,,,,,,,,,,,,,,,,,,,,,,,,,,,,,,,,,,,,,,,,,,,,,,,,,,,,,,,,,,,,,,,,,,,,,,,,,,,,,,,,,,,,,,,,,,,,,,,,
37.7072744,128.9161633,벌-개량종,60,2666,,,,,,,,,,,,,,,,,,,,,,,,,,,,,,,,,,,,,,,,,,,,,,,,,,,,,,,,,,,,,,,,,,,,,,,,,,,,,,,,,,,,,,,,,,,,,,,,,,,,,,,,,,,,,,,,,,,,,,,,,,,
37.4392596,129.1784042,벌-개량종,40,1428,,,,,,,,,,,,,,,,,,,,,,,,,,,,,,,,,,,,,,,,,,,,,,,,,,,,,,,,,,,,,,,,,,,,,,,,,,,,,,,,,,,,,,,,,,,,,,,,,,,,,,,,,,,,,,,,,,,,,,,,,,,
37.2140877,129.3262249,벌-개량종,20,8872,,,,,,,,,,,,,,,,,,,,,,,,,,,,,,,,,,,,,,,,,,,,,,,,,,,,,,,,,,,,,,,,,,,,,,,,,,,,,,,,,,,,,,,,,,,,,,,,,,,,,,,,,,,,,,,,,,,,,,,,,,,
37.2340491,129.1662579,벌-개량종,80,5936,5936.0,,,,,,,,,,,,,,,,,,,,,,,,,,,,,,,,,,,,,,,,,,,,,,,,,,,,,,,,,,,,,,,,,,,,,,,,,,,,,,,,,,,,,,,,,,,,,,,,,,,,,,,,,,,,,,,,,,,,,,,,,,
37.3608544,129.1989029,벌-개량종,150,7668,,,,,,,,,,,,,,,,,,,,,,,,,,,,,,,,,,,,,,,,,,,,,,,,,,,,,,,,,,,,,,,,,,,,,,,,,,,,,,,,,,,,,,,,,,,,,,,,,,,,,,,,,,,,,,,,,,,,,,,,,,,
37.5847694,128.6407562,벌-개량종,40,1131,2661.0,8602.0,1126.0,1117.0,6005.0,6019.0,8606.0,1822.0,1130.0,2673.0,6024.0,8544.0,8608.0,1131.0,2674.0,6025.0,8545.0,8609.0,671.0,2675.0,4312.0,1132.0,3114.0,3636.0,6027.0,6605.0,7100.0,7694.0,672.0,1133.0,2676.0,6028.0,8610.0,5632.0,8612.0,6029.0,673.0,8546.0,674.0,6032.0,675.0,6034.0,4317.0,1137.0,8611.0,1136.0,6035.0,1134.0,2680.0,2679.0,676.0,2678.0,4318.0,,,,,,,,,,,,,,,,,,,,,,,,,,,,,,,,,,,,,,,,,,,,,,,,,,,,,,,,,,,,,,,,,,,,,,
37.5847694,128.6407562,벌-개량종,30,1131,2661.0,8602.0,1126.0,1117.0,6005.0,6019.0,8606.0,1822.0,1130.0,2673.0,6024.0,8544.0,8608.0,1131.0,2674.0,6025.0,8545.0,8609.0,671.0,2675.0,4312.0,1132.0,3114.0,3636.0,6027.0,6605.0,7100.0,7694.0,672.0,1133.0,2676.0,6028.0,8610.0,5632.0,8612.0,6029.0,673.0,8546.0,674.0,6032.0,675.0,6034.0,4317.0,1137.0,8611.0,1136.0,6035.0,1134.0,2680.0,2679.0,676.0,2678.0,4318.0,,,,,,,,,,,,,,,,,,,,,,,,,,,,,,,,,,,,,,,,,,,,,,,,,,,,,,,,,,,,,,,,,,,,,,
37.5847694,128.6407562,벌-개량종,29,1131,2661.0,8602.0,1126.0,1117.0,6005.0,6019.0,8606.0,1822.0,1130.0,2673.0,6024.0,8544.0,8608.0,1131.0,2674.0,6025.0,8545.0,8609.0,671.0,2675.0,4312.0,1132.0,3114.0,3636.0,6027.0,6605.0,7100.0,7694.0,672.0,1133.0,2676.0,6028.0,8610.0,5632.0,8612.0,6029.0,673.0,8546.0,674.0,6032.0,675.0,6034.0,4317.0,1137.0,8611.0,1136.0,6035.0,1134.0,2680.0,2679.0,676.0,2678.0,4318.0,,,,,,,,,,,,,,,,,,,,,,,,,,,,,,,,,,,,,,,,,,,,,,,,,,,,,,,,,,,,,,,,,,,,,,
37.7376414,128.875436,벌-개량종,20,6616,,,,,,,,,,,,,,,,,,,,,,,,,,,,,,,,,,,,,,,,,,,,,,,,,,,,,,,,,,,,,,,,,,,,,,,,,,,,,,,,,,,,,,,,,,,,,,,,,,,,,,,,,,,,,,,,,,,,,,,,,,,
36.8072658,127.4319402,벌-개량종,400,239,,,,,,,,,,,,,,,,,,,,,,,,,,,,,,,,,,,,,,,,,,,,,,,,,,,,,,,,,,,,,,,,,,,,,,,,,,,,,,,,,,,,,,,,,,,,,,,,,,,,,,,,,,,,,,,,,,,,,,,,,,,
35.4196814,127.6117698,벌-개량종,15,475,7387.0,475.0,8766.0,6740.0,4575.0,8760.0,6277.0,5423.0,3936.0,1278.0,2849.0,2356.0,2014.0,89.0,564.0,2847.0,90.0,1540.0,6279.0,565.0,7882.0,3320.0,5692.0,5424.0,,,,,,,,,,,,,,,,,,,,,,,,,,,,,,,,,,,,,,,,,,,,,,,,,,,,,,,,,,,,,,,,,,,,,,,,,,,,,,,,,,,,,,,,,,,,,,,,,,,
36.3085008,128.2774354,벌-개량종,300,6881,6883.0,8446.0,6881.0,8447.0,,,,,,,,,,,,,,,,,,,,,,,,,,,,,,,,,,,,,,,,,,,,,,,,,,,,,,,,,,,,,,,,,,,,,,,,,,,,,,,,,,,,,,,,,,,,,,,,,,,,,,,,,,,,,,,,,,,,,,,
37.2132563,129.0268626,벌-개량종,180,5128,5128.0,4225.0,6532.0,4211.0,1416.0,1411.0,1754.0,634.0,5917.0,2599.0,1027.0,7004.0,8513.0,7402.0,527.0,,,,,,,,,,,,,,,,,,,,,,,,,,,,,,,,,,,,,,,,,,,,,,,,,,,,,,,,,,,,,,,,,,,,,,,,,,,,,,,,,,,,,,,,,,,,,,,,,,,,,,,,,,,,
38.1002164,127.749467,벌-개량종,50,4426,,,,,,,,,,,,,,,,,,,,,,,,,,,,,,,,,,,,,,,,,,,,,,,,,,,,,,,,,,,,,,,,,,,,,,,,,,,,,,,,,,,,,,,,,,,,,,,,,,,,,,,,,,,,,,,,,,,,,,,,,,,
35.5640875,127.2965426,벌-개량종,300,100,6287.0,2024.0,7892.0,8376.0,6751.0,4774.0,7477.0,100.0,3221.0,7388.0,2855.0,7244.0,3327.0,5698.0,3946.0,2477.0,,,,,,,,,,,,,,,,,,,,,,,,,,,,,,,,,,,,,,,,,,,,,,,,,,,,,,,,,,,,,,,,,,,,,,,,,,,,,,,,,,,,,,,,,,,,,,,,,,,,,,,,,,,
35.5640875,127.2965426,벌-개량종,30,100,6287.0,2024.0,7892.0,8376.0,6751.0,4774.0,7477.0,100.0,3221.0,7388.0,2855.0,7244.0,3327.0,5698.0,3946.0,2477.0,,,,,,,,,,,,,,,,,,,,,,,,,,,,,,,,,,,,,,,,,,,,,,,,,,,,,,,,,,,,,,,,,,,,,,,,,,,,,,,,,,,,,,,,,,,,,,,,,,,,,,,,,,,
36.139544,127.7420999,벌-개량종,58,490,6826.0,4023.0,6356.0,490.0,3377.0,1604.0,5466.0,5752.0,6367.0,6833.0,,,,,,,,,,,,,,,,,,,,,,,,,,,,,,,,,,,,,,,,,,,,,,,,,,,,,,,,,,,,,,,,,,,,,,,,,,,,,,,,,,,,,,,,,,,,,,,,,,,,,,,,,,,,,,,,,
36.8494311,127.6500498,벌-개량종,200,4113,1362.0,6448.0,1687.0,4976.0,7572.0,8052.0,925.0,1364.0,8910.0,4113.0,927.0,8471.0,8054.0,6920.0,3466.0,8936.0,2986.0,6918.0,8470.0,5519.0,6452.0,4115.0,2150.0,5819.0,2151.0,1684.0,2554.0,4980.0,5517.0,2552.0,3465.0,236.0,5817.0,2983.0,,,,,,,,,,,,,,,,,,,,,,,,,,,,,,,,,,,,,,,,,,,,,,,,,,,,,,,,,,,,,,,,,,,,,,,,,,,,,,,,,,,,,,,,,
35.4993716,128.3894438,벌-개량종,380,8374,8373.0,8374.0,6747.0,7475.0,6749.0,,,,,,,,,,,,,,,,,,,,,,,,,,,,,,,,,,,,,,,,,,,,,,,,,,,,,,,,,,,,,,,,,,,,,,,,,,,,,,,,,,,,,,,,,,,,,,,,,,,,,,,,,,,,,,,,,,,,,,
35.7511633,128.6213796,벌-개량종,1,477,8788.0,816.0,3963.0,4795.0,6303.0,3333.0,477.0,5713.0,7917.0,5437.0,118.0,7492.0,6778.0,,,,,,,,,,,,,,,,,,,,,,,,,,,,,,,,,,,,,,,,,,,,,,,,,,,,,,,,,,,,,,,,,,,,,,,,,,,,,,,,,,,,,,,,,,,,,,,,,,,,,,,,,,,,,,
34.9916145,126.9880128,벌-개량종,1,6717,,,,,,,,,,,,,,,,,,,,,,,,,,,,,,,,,,,,,,,,,,,,,,,,,,,,,,,,,,,,,,,,,,,,,,,,,,,,,,,,,,,,,,,,,,,,,,,,,,,,,,,,,,,,,,,,,,,,,,,,,,,
36.8120935,128.6416647,벌-개량종,1,241,6925.0,241.0,7579.0,4986.0,5823.0,8059.0,8860.0,2992.0,1692.0,,,,,,,,,,,,,,,,,,,,,,,,,,,,,,,,,,,,,,,,,,,,,,,,,,,,,,,,,,,,,,,,,,,,,,,,,,,,,,,,,,,,,,,,,,,,,,,,,,,,,,,,,,,,,,,,,,
36.8929232,127.573778,벌-개량종,15,521,,,,,,,,,,,,,,,,,,,,,,,,,,,,,,,,,,,,,,,,,,,,,,,,,,,,,,,,,,,,,,,,,,,,,,,,,,,,,,,,,,,,,,,,,,,,,,,,,,,,,,,,,,,,,,,,,,,,,,,,,,,
35.9489306,129.4207583,벌-개량종,30,3989,6324.0,7498.0,6796.0,6797.0,3989.0,8397.0,,,,,,,,,,,,,,,,,,,,,,,,,,,,,,,,,,,,,,,,,,,,,,,,,,,,,,,,,,,,,,,,,,,,,,,,,,,,,,,,,,,,,,,,,,,,,,,,,,,,,,,,,,,,,,,,,,,,,
36.4483495,128.3463791,벌-개량종,70,211,211.0,906.0,1350.0,1661.0,2129.0,2533.0,3432.0,4078.0,4928.0,5498.0,5796.0,6421.0,6894.0,7556.0,8019.0,8459.0,,,,,,,,,,,,,,,,,,,,,,,,,,,,,,,,,,,,,,,,,,,,,,,,,,,,,,,,,,,,,,,,,,,,,,,,,,,,,,,,,,,,,,,,,,,,,,,,,,,,,,,,,,,
36.474209,128.362204,벌-개량종,150,211,211.0,906.0,1350.0,1661.0,2129.0,2533.0,3432.0,4078.0,4928.0,5498.0,5796.0,6421.0,6894.0,7556.0,8019.0,8459.0,,,,,,,,,,,,,,,,,,,,,,,,,,,,,,,,,,,,,,,,,,,,,,,,,,,,,,,,,,,,,,,,,,,,,,,,,,,,,,,,,,,,,,,,,,,,,,,,,,,,,,,,,,,
37.6671652,127.967412,벌-개량종,30,4321,,,,,,,,,,,,,,,,,,,,,,,,,,,,,,,,,,,,,,,,,,,,,,,,,,,,,,,,,,,,,,,,,,,,,,,,,,,,,,,,,,,,,,,,,,,,,,,,,,,,,,,,,,,,,,,,,,,,,,,,,,,
36.428639,127.8227737,벌-개량종,400,198,,,,,,,,,,,,,,,,,,,,,,,,,,,,,,,,,,,,,,,,,,,,,,,,,,,,,,,,,,,,,,,,,,,,,,,,,,,,,,,,,,,,,,,,,,,,,,,,,,,,,,,,,,,,,,,,,,,,,,,,,,,
35.5520282,127.7022051,벌-개량종,150,6742,,,,,,,,,,,,,,,,,,,,,,,,,,,,,,,,,,,,,,,,,,,,,,,,,,,,,,,,,,,,,,,,,,,,,,,,,,,,,,,,,,,,,,,,,,,,,,,,,,,,,,,,,,,,,,,,,,,,,,,,,,,
36.4964149,127.1175656,벌-개량종,1,2133,,,,,,,,,,,,,,,,,,,,,,,,,,,,,,,,,,,,,,,,,,,,,,,,,,,,,,,,,,,,,,,,,,,,,,,,,,,,,,,,,,,,,,,,,,,,,,,,,,,,,,,,,,,,,,,,,,,,,,,,,,,
36.4345714,126.8771037,벌-개량종,100,1651,7263.0,8908.0,1347.0,2529.0,202.0,896.0,5787.0,510.0,3423.0,4919.0,8834.0,2120.0,6887.0,1345.0,2528.0,1651.0,8011.0,8451.0,4594.0,201.0,,,,,,,,,,,,,,,,,,,,,,,,,,,,,,,,,,,,,,,,,,,,,,,,,,,,,,,,,,,,,,,,,,,,,,,,,,,,,,,,,,,,,,,,,,,,,,,,,,,,,,,
36.4345714,126.8771037,벌-개량종,100,1651,7263.0,8908.0,1347.0,2529.0,202.0,896.0,5787.0,510.0,3423.0,4919.0,8834.0,2120.0,6887.0,1345.0,2528.0,1651.0,8011.0,8451.0,4594.0,201.0,,,,,,,,,,,,,,,,,,,,,,,,,,,,,,,,,,,,,,,,,,,,,,,,,,,,,,,,,,,,,,,,,,,,,,,,,,,,,,,,,,,,,,,,,,,,,,,,,,,,,,,
36.4345714,126.8771037,벌-개량종,100,1651,7263.0,8908.0,1347.0,2529.0,202.0,896.0,5787.0,510.0,3423.0,4919.0,8834.0,2120.0,6887.0,1345.0,2528.0,1651.0,8011.0,8451.0,4594.0,201.0,,,,,,,,,,,,,,,,,,,,,,,,,,,,,,,,,,,,,,,,,,,,,,,,,,,,,,,,,,,,,,,,,,,,,,,,,,,,,,,,,,,,,,,,,,,,,,,,,,,,,,,
36.5938136,128.5571271,벌-개량종,1,3427,,,,,,,,,,,,,,,,,,,,,,,,,,,,,,,,,,,,,,,,,,,,,,,,,,,,,,,,,,,,,,,,,,,,,,,,,,,,,,,,,,,,,,,,,,,,,,,,,,,,,,,,,,,,,,,,,,,,,,,,,,,
35.0436072,127.112621,벌-개량종,1,8719,,,,,,,,,,,,,,,,,,,,,,,,,,,,,,,,,,,,,,,,,,,,,,,,,,,,,,,,,,,,,,,,,,,,,,,,,,,,,,,,,,,,,,,,,,,,,,,,,,,,,,,,,,,,,,,,,,,,,,,,,,,
35.6305091,127.3303778,벌-개량종,100,8383,,,,,,,,,,,,,,,,,,,,,,,,,,,,,,,,,,,,,,,,,,,,,,,,,,,,,,,,,,,,,,,,,,,,,,,,,,,,,,,,,,,,,,,,,,,,,,,,,,,,,,,,,,,,,,,,,,,,,,,,,,,
37.4493679,127.1022852,벌-개량종,20,1097,7066.0,6581.0,7406.0,1802.0,1429.0,355.0,1097.0,,,,,,,,,,,,,,,,,,,,,,,,,,,,,,,,,,,,,,,,,,,,,,,,,,,,,,,,,,,,,,,,,,,,,,,,,,,,,,,,,,,,,,,,,,,,,,,,,,,,,,,,,,,,,,,,,,,,
35.4931652,127.2389306,벌-개량종,90,100,,,,,,,,,,,,,,,,,,,,,,,,,,,,,,,,,,,,,,,,,,,,,,,,,,,,,,,,,,,,,,,,,,,,,,,,,,,,,,,,,,,,,,,,,,,,,,,,,,,,,,,,,,,,,,,,,,,,,,,,,,,
35.5798635,127.1981911,벌-개량종,50,100,,,,,,,,,,,,,,,,,,,,,,,,,,,,,,,,,,,,,,,,,,,,,,,,,,,,,,,,,,,,,,,,,,,,,,,,,,,,,,,,,,,,,,,,,,,,,,,,,,,,,,,,,,,,,,,,,,,,,,,,,,,
37.3293308,126.918427,벌-개량종,2,5150,3588.0,3089.0,4255.0,5150.0,2248.0,5158.0,3090.0,1076.0,5580.0,5965.0,6568.0,7051.0,342.0,2251.0,1061.0,3572.0,5142.0,5570.0,5950.0,6553.0,7658.0,8162.0,6551.0,1059.0,5949.0,5571.0,7036.0,6556.0,8519.0,645.0,4243.0,6555.0,7660.0,8598.0,1060.0,5945.0,5141.0,7030.0,8161.0,8159.0,5159.0,1079.0,1078.0,3590.0,6569.0,5160.0,4257.0,2628.0,5967.0,2252.0,1077.0,7052.0,4256.0,3092.0,,,,,,,,,,,,,,,,,,,,,,,,,,,,,,,,,,,,,,,,,,,,,,,,,,,,,,,,,,,,,,,,,,,,,
36.6389298,128.2201196,벌-개량종,1,2364,,,,,,,,,,,,,,,,,,,,,,,,,,,,,,,,,,,,,,,,,,,,,,,,,,,,,,,,,,,,,,,,,,,,,,,,,,,,,,,,,,,,,,,,,,,,,,,,,,,,,,,,,,,,,,,,,,,,,,,,,,,
36.6839838,126.5831038,벌-개량종,50,2139,7266.0,4958.0,4959.0,5511.0,8041.0,6909.0,2141.0,3444.0,5807.0,2142.0,2139.0,3452.0,6910.0,519.0,1678.0,2548.0,4101.0,3451.0,5806.0,6439.0,,,,,,,,,,,,,,,,,,,,,,,,,,,,,,,,,,,,,,,,,,,,,,,,,,,,,,,,,,,,,,,,,,,,,,,,,,,,,,,,,,,,,,,,,,,,,,,,,,,,,,,
35.3363846,127.9217038,벌-개량종,3,2008,4755.0,8757.0,2008.0,,,,,,,,,,,,,,,,,,,,,,,,,,,,,,,,,,,,,,,,,,,,,,,,,,,,,,,,,,,,,,,,,,,,,,,,,,,,,,,,,,,,,,,,,,,,,,,,,,,,,,,,,,,,,,,,,,,,,,,,
37.4531546,129.1559572,벌-개량종,70,1428,,,,,,,,,,,,,,,,,,,,,,,,,,,,,,,,,,,,,,,,,,,,,,,,,,,,,,,,,,,,,,,,,,,,,,,,,,,,,,,,,,,,,,,,,,,,,,,,,,,,,,,,,,,,,,,,,,,,,,,,,,,
37.4579607,129.1460745,벌-개량종,200,356,2270.0,1803.0,6585.0,356.0,8882.0,4277.0,1430.0,,,,,,,,,,,,,,,,,,,,,,,,,,,,,,,,,,,,,,,,,,,,,,,,,,,,,,,,,,,,,,,,,,,,,,,,,,,,,,,,,,,,,,,,,,,,,,,,,,,,,,,,,,,,,,,,,,,,
37.6506105,126.8479415,벌-개량종,20,387,,,,,,,,,,,,,,,,,,,,,,,,,,,,,,,,,,,,,,,,,,,,,,,,,,,,,,,,,,,,,,,,,,,,,,,,,,,,,,,,,,,,,,,,,,,,,,,,,,,,,,,,,,,,,,,,,,,,,,,,,,,
36.29654,126.8670582,벌-개량종,9,2113,,,,,,,,,,,,,,,,,,,,,,,,,,,,,,,,,,,,,,,,,,,,,,,,,,,,,,,,,,,,,,,,,,,,,,,,,,,,,,,,,,,,,,,,,,,,,,,,,,,,,,,,,,,,,,,,,,,,,,,,,,,
36.9395457,127.997495,벌-개량종,80,4143,,,,,,,,,,,,,,,,,,,,,,,,,,,,,,,,,,,,,,,,,,,,,,,,,,,,,,,,,,,,,,,,,,,,,,,,,,,,,,,,,,,,,,,,,,,,,,,,,,,,,,,,,,,,,,,,,,,,,,,,,,,
36.0675456,128.2714806,벌-개량종,300,1599,,,,,,,,,,,,,,,,,,,,,,,,,,,,,,,,,,,,,,,,,,,,,,,,,,,,,,,,,,,,,,,,,,,,,,,,,,,,,,,,,,,,,,,,,,,,,,,,,,,,,,,,,,,,,,,,,,,,,,,,,,,
35.1077764,127.2000409,벌-개량종,1,7847,7847.0,,,,,,,,,,,,,,,,,,,,,,,,,,,,,,,,,,,,,,,,,,,,,,,,,,,,,,,,,,,,,,,,,,,,,,,,,,,,,,,,,,,,,,,,,,,,,,,,,,,,,,,,,,,,,,,,,,,,,,,,,,
38.2355632,127.9878123,벌-개량종,1,6146,,,,,,,,,,,,,,,,,,,,,,,,,,,,,,,,,,,,,,,,,,,,,,,,,,,,,,,,,,,,,,,,,,,,,,,,,,,,,,,,,,,,,,,,,,,,,,,,,,,,,,,,,,,,,,,,,,,,,,,,,,,
36.6389298,128.2201196,벌-개량종,5,2364,,,,,,,,,,,,,,,,,,,,,,,,,,,,,,,,,,,,,,,,,,,,,,,,,,,,,,,,,,,,,,,,,,,,,,,,,,,,,,,,,,,,,,,,,,,,,,,,,,,,,,,,,,,,,,,,,,,,,,,,,,,
35.200009,126.9515173,벌-개량종,1,562,,,,,,,,,,,,,,,,,,,,,,,,,,,,,,,,,,,,,,,,,,,,,,,,,,,,,,,,,,,,,,,,,,,,,,,,,,,,,,,,,,,,,,,,,,,,,,,,,,,,,,,,,,,,,,,,,,,,,,,,,,,
35.200009,126.9515173,벌-개량종,1,562,,,,,,,,,,,,,,,,,,,,,,,,,,,,,,,,,,,,,,,,,,,,,,,,,,,,,,,,,,,,,,,,,,,,,,,,,,,,,,,,,,,,,,,,,,,,,,,,,,,,,,,,,,,,,,,,,,,,,,,,,,,
36.8308912,128.6942083,벌-개량종,2,241,6925.0,241.0,7579.0,4986.0,5823.0,8059.0,8860.0,2992.0,1692.0,,,,,,,,,,,,,,,,,,,,,,,,,,,,,,,,,,,,,,,,,,,,,,,,,,,,,,,,,,,,,,,,,,,,,,,,,,,,,,,,,,,,,,,,,,,,,,,,,,,,,,,,,,,,,,,,,,
35.6634688,128.4027436,벌-개량종,30,7480,,,,,,,,,,,,,,,,,,,,,,,,,,,,,,,,,,,,,,,,,,,,,,,,,,,,,,,,,,,,,,,,,,,,,,,,,,,,,,,,,,,,,,,,,,,,,,,,,,,,,,,,,,,,,,,,,,,,,,,,,,,
37.4358164,129.1399179,벌-개량종,60,1428,3611.0,2270.0,2646.0,1803.0,6585.0,8533.0,1428.0,356.0,8184.0,8882.0,4277.0,5183.0,1430.0,,,,,,,,,,,,,,,,,,,,,,,,,,,,,,,,,,,,,,,,,,,,,,,,,,,,,,,,,,,,,,,,,,,,,,,,,,,,,,,,,,,,,,,,,,,,,,,,,,,,,,,,,,,,,,
36.955982,127.6337621,벌-개량종,250,5843,,,,,,,,,,,,,,,,,,,,,,,,,,,,,,,,,,,,,,,,,,,,,,,,,,,,,,,,,,,,,,,,,,,,,,,,,,,,,,,,,,,,,,,,,,,,,,,,,,,,,,,,,,,,,,,,,,,,,,,,,,,
36.6389298,128.2201196,벌-개량종,140,2364,,,,,,,,,,,,,,,,,,,,,,,,,,,,,,,,,,,,,,,,,,,,,,,,,,,,,,,,,,,,,,,,,,,,,,,,,,,,,,,,,,,,,,,,,,,,,,,,,,,,,,,,,,,,,,,,,,,,,,,,,,,
36.5789495,128.7192854,벌-개량종,1,1663,,,,,,,,,,,,,,,,,,,,,,,,,,,,,,,,,,,,,,,,,,,,,,,,,,,,,,,,,,,,,,,,,,,,,,,,,,,,,,,,,,,,,,,,,,,,,,,,,,,,,,,,,,,,,,,,,,,,,,,,,,,
35.2495331,127.1779403,벌-개량종,100,3307,5684.0,4746.0,2466.0,1266.0,6266.0,7385.0,3307.0,6732.0,78.0,4566.0,5415.0,7867.0,,,,,,,,,,,,,,,,,,,,,,,,,,,,,,,,,,,,,,,,,,,,,,,,,,,,,,,,,,,,,,,,,,,,,,,,,,,,,,,,,,,,,,,,,,,,,,,,,,,,,,,,,,,,,,,
34.8780837,126.9078796,벌-개량종,1,8332,3877.0,8331.0,41.0,1967.0,8336.0,43.0,7820.0,553.0,2429.0,1968.0,5386.0,8709.0,8707.0,4705.0,1969.0,8332.0,2805.0,1971.0,5390.0,5659.0,46.0,7822.0,4707.0,8711.0,47.0,7823.0,2803.0,6226.0,7819.0,4704.0,,,,,,,,,,,,,,,,,,,,,,,,,,,,,,,,,,,,,,,,,,,,,,,,,,,,,,,,,,,,,,,,,,,,,,,,,,,,,,,,,,,,,,,,,,,,,
36.527337,128.1444098,벌-개량종,200,3442,,,,,,,,,,,,,,,,,,,,,,,,,,,,,,,,,,,,,,,,,,,,,,,,,,,,,,,,,,,,,,,,,,,,,,,,,,,,,,,,,,,,,,,,,,,,,,,,,,,,,,,,,,,,,,,,,,,,,,,,,,,
35.6192242,127.248168,벌-개량종,140,100,,,,,,,,,,,,,,,,,,,,,,,,,,,,,,,,,,,,,,,,,,,,,,,,,,,,,,,,,,,,,,,,,,,,,,,,,,,,,,,,,,,,,,,,,,,,,,,,,,,,,,,,,,,,,,,,,,,,,,,,,,,
35.6192242,127.248168,벌-개량종,140,100,,,,,,,,,,,,,,,,,,,,,,,,,,,,,,,,,,,,,,,,,,,,,,,,,,,,,,,,,,,,,,,,,,,,,,,,,,,,,,,,,,,,,,,,,,,,,,,,,,,,,,,,,,,,,,,,,,,,,,,,,,,
36.6839838,126.5831038,벌-개량종,50,2139,7266.0,4958.0,4959.0,5511.0,8041.0,6909.0,2141.0,3444.0,5807.0,2142.0,2139.0,3452.0,6910.0,519.0,1678.0,2548.0,4101.0,3451.0,5806.0,6439.0,,,,,,,,,,,,,,,,,,,,,,,,,,,,,,,,,,,,,,,,,,,,,,,,,,,,,,,,,,,,,,,,,,,,,,,,,,,,,,,,,,,,,,,,,,,,,,,,,,,,,,,
37.7016228,128.8379164,벌-개량종,20,6616,,,,,,,,,,,,,,,,,,,,,,,,,,,,,,,,,,,,,,,,,,,,,,,,,,,,,,,,,,,,,,,,,,,,,,,,,,,,,,,,,,,,,,,,,,,,,,,,,,,,,,,,,,,,,,,,,,,,,,,,,,,
36.6839838,126.5831038,벌-개량종,50,2139,7266.0,4958.0,4959.0,5511.0,8041.0,6909.0,2141.0,3444.0,5807.0,2142.0,2139.0,3452.0,6910.0,519.0,1678.0,2548.0,4101.0,3451.0,5806.0,6439.0,,,,,,,,,,,,,,,,,,,,,,,,,,,,,,,,,,,,,,,,,,,,,,,,,,,,,,,,,,,,,,,,,,,,,,,,,,,,,,,,,,,,,,,,,,,,,,,,,,,,,,,
37.3910274,128.9927715,벌-개량종,60,1093,5173.0,1093.0,2641.0,,,,,,,,,,,,,,,,,,,,,,,,,,,,,,,,,,,,,,,,,,,,,,,,,,,,,,,,,,,,,,,,,,,,,,,,,,,,,,,,,,,,,,,,,,,,,,,,,,,,,,,,,,,,,,,,,,,,,,,,
36.2348288,128.5647509,벌-개량종,30,8431,1318.0,1320.0,2512.0,4866.0,6837.0,6846.0,6841.0,8425.0,6374.0,8427.0,581.0,6847.0,870.0,1608.0,882.0,6870.0,4895.0,1334.0,7543.0,1636.0,3403.0,2926.0,5479.0,7993.0,181.0,6394.0,2359.0,8431.0,,,,,,,,,,,,,,,,,,,,,,,,,,,,,,,,,,,,,,,,,,,,,,,,,,,,,,,,,,,,,,,,,,,,,,,,,,,,,,,,,,,,,,,,,,,,,,,
37.8315284,128.8219993,벌-개량종,120,6616,,,,,,,,,,,,,,,,,,,,,,,,,,,,,,,,,,,,,,,,,,,,,,,,,,,,,,,,,,,,,,,,,,,,,,,,,,,,,,,,,,,,,,,,,,,,,,,,,,,,,,,,,,,,,,,,,,,,,,,,,,,
37.3737093,128.0116955,벌-개량종,5,3079,,,,,,,,,,,,,,,,,,,,,,,,,,,,,,,,,,,,,,,,,,,,,,,,,,,,,,,,,,,,,,,,,,,,,,,,,,,,,,,,,,,,,,,,,,,,,,,,,,,,,,,,,,,,,,,,,,,,,,,,,,,
37.178741,127.5891868,벌-개량종,68,302,5089.0,999.0,3043.0,1398.0,4198.0,298.0,5079.0,4197.0,6516.0,5893.0,302.0,1008.0,1011.0,8124.0,6514.0,6988.0,1400.0,8126.0,1013.0,1002.0,5076.0,3541.0,1403.0,5070.0,1405.0,295.0,6511.0,6989.0,4192.0,297.0,3529.0,5077.0,5084.0,3534.0,6518.0,5075.0,5552.0,5551.0,3533.0,6519.0,4199.0,5087.0,5082.0,4195.0,3532.0,3048.0,1007.0,3047.0,1003.0,5088.0,1401.0,1010.0,7631.0,5550.0,3049.0,2202.0,3530.0,1005.0,3531.0,1004.0,1406.0,1747.0,8125.0,5080.0,4196.0,5891.0,5081.0,6513.0,6986.0,5892.0,6987.0,1399.0,3046.0,5078.0,5549.0,5890.0,6512.0,1006.0,5083.0,6515.0,294.0,2201.0,3044.0,3525.0,5547.0,5886.0,8118.0,1012.0,5553.0,5894.0,6990.0,8127.0,1404.0,5067.0,5085.0,6517.0,8116.0,3535.0,299.0,8505.0,4200.0,5895.0,3051.0,1748.0,3524.0,3050.0,1009.0,6991.0,6985.0,5072.0,4194.0,6510.0,5548.0,6984.0,5074.0,1402.0,4193.0,296.0,8121.0,1001.0,8123.0,5071.0,5086.0
35.7072023,127.9379667,벌-개량종,300,7915,117.0,1289.0,3332.0,4793.0,3958.0,2874.0,7915.0,2035.0,6302.0,2487.0,8385.0,814.0,,,,,,,,,,,,,,,,,,,,,,,,,,,,,,,,,,,,,,,,,,,,,,,,,,,,,,,,,,,,,,,,,,,,,,,,,,,,,,,,,,,,,,,,,,,,,,,,,,,,,,,,,,,,,,,
37.5379354,129.0927233,벌-개량종,300,2646,,,,,,,,,,,,,,,,,,,,,,,,,,,,,,,,,,,,,,,,,,,,,,,,,,,,,,,,,,,,,,,,,,,,,,,,,,,,,,,,,,,,,,,,,,,,,,,,,,,,,,,,,,,,,,,,,,,,,,,,,,,
34.9916145,126.9880128,벌-개량종,10,6717,,,,,,,,,,,,,,,,,,,,,,,,,,,,,,,,,,,,,,,,,,,,,,,,,,,,,,,,,,,,,,,,,,,,,,,,,,,,,,,,,,,,,,,,,,,,,,,,,,,,,,,,,,,,,,,,,,,,,,,,,,,
33.4790176,126.3976001,벌-개량종,1,547,547.0,7357.0,6170.0,8277.0,6166.0,5346.0,3199.0,8276.0,3767.0,8280.0,4482.0,,,,,,,,,,,,,,,,,,,,,,,,,,,,,,,,,,,,,,,,,,,,,,,,,,,,,,,,,,,,,,,,,,,,,,,,,,,,,,,,,,,,,,,,,,,,,,,,,,,,,,,,,,,,,,,,
35.6128908,127.3454045,벌-개량종,50,100,,,,,,,,,,,,,,,,,,,,,,,,,,,,,,,,,,,,,,,,,,,,,,,,,,,,,,,,,,,,,,,,,,,,,,,,,,,,,,,,,,,,,,,,,,,,,,,,,,,,,,,,,,,,,,,,,,,,,,,,,,,
35.5990812,127.314855,벌-개량종,20,100,6287.0,2024.0,7892.0,8376.0,6751.0,4774.0,7477.0,100.0,3221.0,7388.0,2855.0,7244.0,3327.0,5698.0,3946.0,2477.0,,,,,,,,,,,,,,,,,,,,,,,,,,,,,,,,,,,,,,,,,,,,,,,,,,,,,,,,,,,,,,,,,,,,,,,,,,,,,,,,,,,,,,,,,,,,,,,,,,,,,,,,,,,
35.433975,127.6260086,벌-개량종,80,4575,7387.0,475.0,8766.0,6740.0,4575.0,8760.0,6277.0,5423.0,3936.0,1278.0,2849.0,2356.0,2014.0,89.0,564.0,2847.0,2476.0,90.0,1540.0,6279.0,565.0,7882.0,3320.0,5692.0,5424.0,7472.0,,,,,,,,,,,,,,,,,,,,,,,,,,,,,,,,,,,,,,,,,,,,,,,,,,,,,,,,,,,,,,,,,,,,,,,,,,,,,,,,,,,,,,,,,,,,,,,,,
35.2480059,126.9756866,벌-개량종,10,562,,,,,,,,,,,,,,,,,,,,,,,,,,,,,,,,,,,,,,,,,,,,,,,,,,,,,,,,,,,,,,,,,,,,,,,,,,,,,,,,,,,,,,,,,,,,,,,,,,,,,,,,,,,,,,,,,,,,,,,,,,,
33.4778131,126.4518312,벌-개량종,1,547,,,,,,,,,,,,,,,,,,,,,,,,,,,,,,,,,,,,,,,,,,,,,,,,,,,,,,,,,,,,,,,,,,,,,,,,,,,,,,,,,,,,,,,,,,,,,,,,,,,,,,,,,,,,,,,,,,,,,,,,,,,
35.0389006,126.9988465,벌-개량종,1,6717,,,,,,,,,,,,,,,,,,,,,,,,,,,,,,,,,,,,,,,,,,,,,,,,,,,,,,,,,,,,,,,,,,,,,,,,,,,,,,,,,,,,,,,,,,,,,,,,,,,,,,,,,,,,,,,,,,,,,,,,,,,
37.1519766,129.2868795,벌-개량종,35,8872,,,,,,,,,,,,,,,,,,,,,,,,,,,,,,,,,,,,,,,,,,,,,,,,,,,,,,,,,,,,,,,,,,,,,,,,,,,,,,,,,,,,,,,,,,,,,,,,,,,,,,,,,,,,,,,,,,,,,,,,,,,
33.4242628,126.4714854,벌-개량종,2,4628,3797.0,8303.0,8656.0,4628.0,7414.0,5341.0,7760.0,,,,,,,,,,,,,,,,,,,,,,,,,,,,,,,,,,,,,,,,,,,,,,,,,,,,,,,,,,,,,,,,,,,,,,,,,,,,,,,,,,,,,,,,,,,,,,,,,,,,,,,,,,,,,,,,,,,,
37.6110372,128.0775996,벌-개량종,62,8213,7109.0,4319.0,3640.0,7116.0,3117.0,7107.0,7108.0,8213.0,8547.0,7110.0,5216.0,8549.0,6609.0,4321.0,7699.0,1826.0,,,,,,,,,,,,,,,,,,,,,,,,,,,,,,,,,,,,,,,,,,,,,,,,,,,,,,,,,,,,,,,,,,,,,,,,,,,,,,,,,,,,,,,,,,,,,,,,,,,,,,,,,,,
37.4945468,127.4887109,벌-개량종,2,3739,8537.0,1450.0,3739.0,7090.0,1107.0,1808.0,5590.0,5992.0,,,,,,,,,,,,,,,,,,,,,,,,,,,,,,,,,,,,,,,,,,,,,,,,,,,,,,,,,,,,,,,,,,,,,,,,,,,,,,,,,,,,,,,,,,,,,,,,,,,,,,,,,,,,,,,,,,,
37.429998,128.5534602,벌-개량종,15,653,4261.0,8178.0,2255.0,2632.0,7281.0,5973.0,5974.0,2634.0,5166.0,1788.0,653.0,1091.0,1794.0,7673.0,,,,,,,,,,,,,,,,,,,,,,,,,,,,,,,,,,,,,,,,,,,,,,,,,,,,,,,,,,,,,,,,,,,,,,,,,,,,,,,,,,,,,,,,,,,,,,,,,,,,,,,,,,,,,
35.9159246,126.6388464,벌-개량종,70,3347,,,,,,,,,,,,,,,,,,,,,,,,,,,,,,,,,,,,,,,,,,,,,,,,,,,,,,,,,,,,,,,,,,,,,,,,,,,,,,,,,,,,,,,,,,,,,,,,,,,,,,,,,,,,,,,,,,,,,,,,,,,
37.9307358,127.0322857,벌-개량종,2,1895,4414.0,5295.0,8574.0,1895.0,7200.0,1896.0,4415.0,2329.0,8244.0,423.0,6114.0,7201.0,715.0,5294.0,3155.0,2719.0,,,,,,,,,,,,,,,,,,,,,,,,,,,,,,,,,,,,,,,,,,,,,,,,,,,,,,,,,,,,,,,,,,,,,,,,,,,,,,,,,,,,,,,,,,,,,,,,,,,,,,,,,,,
37.5126288,126.7989122,벌-개량종,10,358,4296.0,8196.0,7091.0,370.0,8886.0,5596.0,6002.0,3627.0,5200.0,,,,,,,,,,,,,,,,,,,,,,,,,,,,,,,,,,,,,,,,,,,,,,,,,,,,,,,,,,,,,,,,,,,,,,,,,,,,,,,,,,,,,,,,,,,,,,,,,,,,,,,,,,,,,,,,,,
36.9836032,128.468242,벌-개량종,1,260,,,,,,,,,,,,,,,,,,,,,,,,,,,,,,,,,,,,,,,,,,,,,,,,,,,,,,,,,,,,,,,,,,,,,,,,,,,,,,,,,,,,,,,,,,,,,,,,,,,,,,,,,,,,,,,,,,,,,,,,,,,
37.2672498,128.9539575,벌-개량종,80,1058,7035.0,2239.0,3080.0,7405.0,2618.0,8160.0,5947.0,644.0,7655.0,5569.0,4240.0,329.0,5138.0,1058.0,,,,,,,,,,,,,,,,,,,,,,,,,,,,,,,,,,,,,,,,,,,,,,,,,,,,,,,,,,,,,,,,,,,,,,,,,,,,,,,,,,,,,,,,,,,,,,,,,,,,,,,,,,,,,
37.2761431,128.4221375,벌-개량종,200,6544,,,,,,,,,,,,,,,,,,,,,,,,,,,,,,,,,,,,,,,,,,,,,,,,,,,,,,,,,,,,,,,,,,,,,,,,,,,,,,,,,,,,,,,,,,,,,,,,,,,,,,,,,,,,,,,,,,,,,,,,,,,
35.5363475,126.8081715,벌-개량종,120,805,,,,,,,,,,,,,,,,,,,,,,,,,,,,,,,,,,,,,,,,,,,,,,,,,,,,,,,,,,,,,,,,,,,,,,,,,,,,,,,,,,,,,,,,,,,,,,,,,,,,,,,,,,,,,,,,,,,,,,,,,,,
35.4196814,127.6117698,벌-개량종,16,475,7387.0,475.0,8766.0,6740.0,4575.0,8760.0,6277.0,5423.0,3936.0,1278.0,2849.0,2356.0,2014.0,89.0,564.0,2847.0,90.0,1540.0,6279.0,565.0,7882.0,3320.0,5692.0,5424.0,,,,,,,,,,,,,,,,,,,,,,,,,,,,,,,,,,,,,,,,,,,,,,,,,,,,,,,,,,,,,,,,,,,,,,,,,,,,,,,,,,,,,,,,,,,,,,,,,,,
35.9429234,128.9490738,벌-개량종,250,835,2887.0,831.0,2048.0,5450.0,3986.0,2889.0,834.0,8804.0,833.0,5448.0,5727.0,3984.0,3981.0,830.0,3982.0,5729.0,2049.0,2888.0,3985.0,4816.0,5449.0,5728.0,6793.0,8805.0,835.0,2050.0,3987.0,6323.0,6794.0,,,,,,,,,,,,,,,,,,,,,,,,,,,,,,,,,,,,,,,,,,,,,,,,,,,,,,,,,,,,,,,,,,,,,,,,,,,,,,,,,,,,,,,,,,,,,,
37.4261432,126.9184737,벌-개량종,2,5184,2644.0,7069.0,7678.0,4272.0,5587.0,8186.0,5990.0,1098.0,3606.0,5184.0,6583.0,,,,,,,,,,,,,,,,,,,,,,,,,,,,,,,,,,,,,,,,,,,,,,,,,,,,,,,,,,,,,,,,,,,,,,,,,,,,,,,,,,,,,,,,,,,,,,,,,,,,,,,,,,,,,,,,
37.3312441,126.7691931,벌-개량종,2,3591,,,,,,,,,,,,,,,,,,,,,,,,,,,,,,,,,,,,,,,,,,,,,,,,,,,,,,,,,,,,,,,,,,,,,,,,,,,,,,,,,,,,,,,,,,,,,,,,,,,,,,,,,,,,,,,,,,,,,,,,,,,
35.4758135,126.7550335,벌-개량종,1,1273,,,,,,,,,,,,,,,,,,,,,,,,,,,,,,,,,,,,,,,,,,,,,,,,,,,,,,,,,,,,,,,,,,,,,,,,,,,,,,,,,,,,,,,,,,,,,,,,,,,,,,,,,,,,,,,,,,,,,,,,,,,
37.2807191,127.5134139,벌-개량종,1,7046,,,,,,,,,,,,,,,,,,,,,,,,,,,,,,,,,,,,,,,,,,,,,,,,,,,,,,,,,,,,,,,,,,,,,,,,,,,,,,,,,,,,,,,,,,,,,,,,,,,,,,,,,,,,,,,,,,,,,,,,,,,
36.7563769,128.4246026,벌-개량종,70,234,,,,,,,,,,,,,,,,,,,,,,,,,,,,,,,,,,,,,,,,,,,,,,,,,,,,,,,,,,,,,,,,,,,,,,,,,,,,,,,,,,,,,,,,,,,,,,,,,,,,,,,,,,,,,,,,,,,,,,,,,,,
38.1175251,127.7190584,벌-개량종,8,5308,,,,,,,,,,,,,,,,,,,,,,,,,,,,,,,,,,,,,,,,,,,,,,,,,,,,,,,,,,,,,,,,,,,,,,,,,,,,,,,,,,,,,,,,,,,,,,,,,,,,,,,,,,,,,,,,,,,,,,,,,,,
38.1933008,127.5902416,벌-개량종,10,7225,,,,,,,,,,,,,,,,,,,,,,,,,,,,,,,,,,,,,,,,,,,,,,,,,,,,,,,,,,,,,,,,,,,,,,,,,,,,,,,,,,,,,,,,,,,,,,,,,,,,,,,,,,,,,,,,,,,,,,,,,,,
38.0777327,127.519277,벌-개량종,5,6137,7219.0,5316.0,7225.0,3719.0,6137.0,2739.0,725.0,1196.0,4441.0,1918.0,6692.0,8251.0,,,,,,,,,,,,,,,,,,,,,,,,,,,,,,,,,,,,,,,,,,,,,,,,,,,,,,,,,,,,,,,,,,,,,,,,,,,,,,,,,,,,,,,,,,,,,,,,,,,,,,,,,,,,,,,
38.1220161,127.5227384,벌-개량종,10,7225,,,,,,,,,,,,,,,,,,,,,,,,,,,,,,,,,,,,,,,,,,,,,,,,,,,,,,,,,,,,,,,,,,,,,,,,,,,,,,,,,,,,,,,,,,,,,,,,,,,,,,,,,,,,,,,,,,,,,,,,,,,
37.0527052,128.1900586,벌-개량종,2,5555,,,,,,,,,,,,,,,,,,,,,,,,,,,,,,,,,,,,,,,,,,,,,,,,,,,,,,,,,,,,,,,,,,,,,,,,,,,,,,,,,,,,,,,,,,,,,,,,,,,,,,,,,,,,,,,,,,,,,,,,,,,
37.5991199,127.5944092,벌-개량종,10,2685,,,,,,,,,,,,,,,,,,,,,,,,,,,,,,,,,,,,,,,,,,,,,,,,,,,,,,,,,,,,,,,,,,,,,,,,,,,,,,,,,,,,,,,,,,,,,,,,,,,,,,,,,,,,,,,,,,,,,,,,,,,
35.6305091,127.3303778,벌-개량종,60,8383,,,,,,,,,,,,,,,,,,,,,,,,,,,,,,,,,,,,,,,,,,,,,,,,,,,,,,,,,,,,,,,,,,,,,,,,,,,,,,,,,,,,,,,,,,,,,,,,,,,,,,,,,,,,,,,,,,,,,,,,,,,
35.7690276,128.6778895,벌-개량종,2,7492,8788.0,816.0,3963.0,4795.0,6303.0,3333.0,477.0,5713.0,1293.0,8795.0,7917.0,4805.0,2492.0,5437.0,2880.0,7923.0,118.0,123.0,3975.0,2879.0,6786.0,7924.0,1569.0,3341.0,3340.0,4807.0,8796.0,1570.0,5722.0,5442.0,7492.0,5441.0,6314.0,823.0,6787.0,1294.0,2494.0,5721.0,7493.0,6778.0,8797.0,1295.0,,,,,,,,,,,,,,,,,,,,,,,,,,,,,,,,,,,,,,,,,,,,,,,,,,,,,,,,,,,,,,,,,,,,,,,,,,,,,,,,,
37.4788509,127.7376486,벌-개량종,32,7070,,,,,,,,,,,,,,,,,,,,,,,,,,,,,,,,,,,,,,,,,,,,,,,,,,,,,,,,,,,,,,,,,,,,,,,,,,,,,,,,,,,,,,,,,,,,,,,,,,,,,,,,,,,,,,,,,,,,,,,,,,,
38.0777327,127.519277,벌-개량종,7,6137,7219.0,5316.0,7225.0,3719.0,6137.0,2739.0,725.0,1196.0,4441.0,1918.0,6692.0,8251.0,,,,,,,,,,,,,,,,,,,,,,,,,,,,,,,,,,,,,,,,,,,,,,,,,,,,,,,,,,,,,,,,,,,,,,,,,,,,,,,,,,,,,,,,,,,,,,,,,,,,,,,,,,,,,,,
37.4338372,128.6710446,벌-개량종,500,7664,,,,,,,,,,,,,,,,,,,,,,,,,,,,,,,,,,,,,,,,,,,,,,,,,,,,,,,,,,,,,,,,,,,,,,,,,,,,,,,,,,,,,,,,,,,,,,,,,,,,,,,,,,,,,,,,,,,,,,,,,,,
37.5424933,127.6341394,벌-개량종,8,2273,,,,,,,,,,,,,,,,,,,,,,,,,,,,,,,,,,,,,,,,,,,,,,,,,,,,,,,,,,,,,,,,,,,,,,,,,,,,,,,,,,,,,,,,,,,,,,,,,,,,,,,,,,,,,,,,,,,,,,,,,,,
35.3338086,128.3413471,벌-개량종,10,3931,3931.0,7467.0,,,,,,,,,,,,,,,,,,,,,,,,,,,,,,,,,,,,,,,,,,,,,,,,,,,,,,,,,,,,,,,,,,,,,,,,,,,,,,,,,,,,,,,,,,,,,,,,,,,,,,,,,,,,,,,,,,,,,,,,,
37.8654744,127.6461186,벌-개량종,30,8569,412.0,1867.0,3687.0,7721.0,5282.0,4391.0,5280.0,2700.0,701.0,7175.0,6655.0,696.0,3151.0,6659.0,4398.0,8569.0,7178.0,,,,,,,,,,,,,,,,,,,,,,,,,,,,,,,,,,,,,,,,,,,,,,,,,,,,,,,,,,,,,,,,,,,,,,,,,,,,,,,,,,,,,,,,,,,,,,,,,,,,,,,,,,
36.954022,127.8155908,벌-개량종,100,8492,,,,,,,,,,,,,,,,,,,,,,,,,,,,,,,,,,,,,,,,,,,,,,,,,,,,,,,,,,,,,,,,,,,,,,,,,,,,,,,,,,,,,,,,,,,,,,,,,,,,,,,,,,,,,,,,,,,,,,,,,,,
36.0697318,128.9922003,벌-개량종,1,8813,,,,,,,,,,,,,,,,,,,,,,,,,,,,,,,,,,,,,,,,,,,,,,,,,,,,,,,,,,,,,,,,,,,,,,,,,,,,,,,,,,,,,,,,,,,,,,,,,,,,,,,,,,,,,,,,,,,,,,,,,,,
35.9520031,128.8967307,벌-개량종,400,480,,,,,,,,,,,,,,,,,,,,,,,,,,,,,,,,,,,,,,,,,,,,,,,,,,,,,,,,,,,,,,,,,,,,,,,,,,,,,,,,,,,,,,,,,,,,,,,,,,,,,,,,,,,,,,,,,,,,,,,,,,,
35.1198717,127.8975375,벌-개량종,70,1517,,,,,,,,,,,,,,,,,,,,,,,,,,,,,,,,,,,,,,,,,,,,,,,,,,,,,,,,,,,,,,,,,,,,,,,,,,,,,,,,,,,,,,,,,,,,,,,,,,,,,,,,,,,,,,,,,,,,,,,,,,,
36.4593809,128.2678457,벌-개량종,150,211,,,,,,,,,,,,,,,,,,,,,,,,,,,,,,,,,,,,,,,,,,,,,,,,,,,,,,,,,,,,,,,,,,,,,,,,,,,,,,,,,,,,,,,,,,,,,,,,,,,,,,,,,,,,,,,,,,,,,,,,,,,
36.4220469,129.1244183,벌-개량종,83,3434,,,,,,,,,,,,,,,,,,,,,,,,,,,,,,,,,,,,,,,,,,,,,,,,,,,,,,,,,,,,,,,,,,,,,,,,,,,,,,,,,,,,,,,,,,,,,,,,,,,,,,,,,,,,,,,,,,,,,,,,,,,
36.6728078,128.2986089,벌-개량종,140,2364,,,,,,,,,,,,,,,,,,,,,,,,,,,,,,,,,,,,,,,,,,,,,,,,,,,,,,,,,,,,,,,,,,,,,,,,,,,,,,,,,,,,,,,,,,,,,,,,,,,,,,,,,,,,,,,,,,,,,,,,,,,
36.2342795,128.5875878,벌-개량종,1,181,1318.0,1320.0,2512.0,4866.0,6846.0,6841.0,8425.0,6374.0,8427.0,581.0,6847.0,870.0,1608.0,882.0,6870.0,4895.0,1334.0,7543.0,1636.0,3403.0,2926.0,5479.0,7993.0,181.0,6394.0,2359.0,8431.0,,,,,,,,,,,,,,,,,,,,,,,,,,,,,,,,,,,,,,,,,,,,,,,,,,,,,,,,,,,,,,,,,,,,,,,,,,,,,,,,,,,,,,,,,,,,,,,,
37.1890654,129.0362358,벌-개량종,74,1411,4205.0,1752.0,6525.0,7634.0,5128.0,4225.0,6532.0,4211.0,1411.0,1754.0,634.0,5917.0,2599.0,1027.0,7004.0,8513.0,7402.0,527.0,2221.0,7639.0,,,,,,,,,,,,,,,,,,,,,,,,,,,,,,,,,,,,,,,,,,,,,,,,,,,,,,,,,,,,,,,,,,,,,,,,,,,,,,,,,,,,,,,,,,,,,,,,,,,,,,,
37.2496686,129.0177973,벌-개량종,80,527,5128.0,4225.0,7035.0,2239.0,3080.0,7405.0,2618.0,8160.0,1416.0,5947.0,644.0,7655.0,5569.0,4240.0,329.0,5138.0,1058.0,8513.0,7402.0,527.0,,,,,,,,,,,,,,,,,,,,,,,,,,,,,,,,,,,,,,,,,,,,,,,,,,,,,,,,,,,,,,,,,,,,,,,,,,,,,,,,,,,,,,,,,,,,,,,,,,,,,,,
37.831802,126.8173464,벌-개량종,90,7158,7158.0,,,,,,,,,,,,,,,,,,,,,,,,,,,,,,,,,,,,,,,,,,,,,,,,,,,,,,,,,,,,,,,,,,,,,,,,,,,,,,,,,,,,,,,,,,,,,,,,,,,,,,,,,,,,,,,,,,,,,,,,,,
36.2104078,128.1780511,벌-개량종,80,8423,6840.0,8418.0,8422.0,6361.0,8423.0,165.0,1617.0,4041.0,5761.0,7973.0,873.0,6851.0,2092.0,4872.0,6377.0,179.0,5478.0,8822.0,881.0,8438.0,7992.0,2105.0,2924.0,7542.0,1633.0,6868.0,6391.0,4893.0,5772.0,2914.0,5762.0,7977.0,1325.0,4043.0,4876.0,8436.0,2095.0,6866.0,8432.0,,,,,,,,,,,,,,,,,,,,,,,,,,,,,,,,,,,,,,,,,,,,,,,,,,,,,,,,,,,,,,,,,,,,,,,,,,,,,,,,,,,,
36.0793691,127.9792429,벌-개량종,10,847,3371.0,4017.0,4848.0,2063.0,7516.0,8810.0,850.0,1592.0,2506.0,6806.0,4849.0,145.0,2070.0,845.0,2503.0,847.0,2067.0,5742.0,2062.0,1589.0,4846.0,4015.0,3368.0,6808.0,1591.0,1590.0,6809.0,4843.0,1586.0,4014.0,6814.0,6810.0,144.0,487.0,6815.0,4006.0,8405.0,1311.0,3370.0,6811.0,2505.0,6350.0,8811.0,5744.0,2072.0,853.0,7954.0,7955.0,851.0,849.0,2899.0,2898.0,3373.0,5746.0,4850.0,4851.0,6351.0,5745.0,578.0,6816.0,4019.0,4018.0,2507.0,7517.0,6817.0,2071.0,852.0,1312.0,7519.0,579.0,7258.0,3375.0,7522.0,4854.0,4021.0,1596.0,1313.0,1595.0,7259.0,,,,,,,,,,,,,,,,,,,,,,,,,,,,,,,,,,,,,,,,,,,,
37.8624543,128.2199006,벌-개량종,1,2702,8236.0,6652.0,6650.0,8235.0,3681.0,7718.0,6090.0,6092.0,410.0,3149.0,6657.0,8237.0,2702.0,1868.0,,,,,,,,,,,,,,,,,,,,,,,,,,,,,,,,,,,,,,,,,,,,,,,,,,,,,,,,,,,,,,,,,,,,,,,,,,,,,,,,,,,,,,,,,,,,,,,,,,,,,,,,,,,,,
37.2625905,128.9111959,벌-개량종,5,1058,1773.0,643.0,2617.0,4238.0,7032.0,5946.0,6549.0,7656.0,3080.0,2618.0,644.0,7655.0,4240.0,329.0,5138.0,1058.0,,,,,,,,,,,,,,,,,,,,,,,,,,,,,,,,,,,,,,,,,,,,,,,,,,,,,,,,,,,,,,,,,,,,,,,,,,,,,,,,,,,,,,,,,,,,,,,,,,,,,,,,,,,
37.2625905,128.9111959,벌-개량종,17,1058,1773.0,643.0,2617.0,4238.0,7032.0,5946.0,6549.0,7656.0,3080.0,2618.0,644.0,7655.0,4240.0,329.0,5138.0,1058.0,,,,,,,,,,,,,,,,,,,,,,,,,,,,,,,,,,,,,,,,,,,,,,,,,,,,,,,,,,,,,,,,,,,,,,,,,,,,,,,,,,,,,,,,,,,,,,,,,,,,,,,,,,,
33.2874612,126.5731538,벌-개량종,1,542,3750.0,3789.0,4471.0,8634.0,7743.0,4612.0,8270.0,3752.0,8629.0,7744.0,3746.0,4610.0,8636.0,3787.0,4469.0,4609.0,8269.0,8628.0,3744.0,4467.0,7339.0,8626.0,2382.0,3745.0,3786.0,4468.0,5333.0,8268.0,8627.0,8297.0,3180.0,3780.0,5328.0,6159.0,3781.0,8294.0,3183.0,5332.0,5329.0,6162.0,7340.0,8295.0,4463.0,3188.0,4462.0,3182.0,542.0,3181.0,7750.0,3756.0,3226.0,8293.0,6161.0,2384.0,8642.0,3757.0,3791.0,4473.0,439.0,6160.0,3792.0,4474.0,5334.0,8643.0,1451.0,3758.0,3793.0,4475.0,4618.0,5335.0,8644.0,3759.0,3794.0,4476.0,5336.0,8645.0,4477.0,,,,,,,,,,,,,,,,,,,,,,,,,,,,,,,,,,,,,,,,,,,,,,
37.1536019,127.339438,벌-개량종,1,5110,7638.0,3552.0,5110.0,,,,,,,,,,,,,,,,,,,,,,,,,,,,,,,,,,,,,,,,,,,,,,,,,,,,,,,,,,,,,,,,,,,,,,,,,,,,,,,,,,,,,,,,,,,,,,,,,,,,,,,,,,,,,,,,,,,,,,,,
37.9220961,128.4038892,벌-개량종,30,703,,,,,,,,,,,,,,,,,,,,,,,,,,,,,,,,,,,,,,,,,,,,,,,,,,,,,,,,,,,,,,,,,,,,,,,,,,,,,,,,,,,,,,,,,,,,,,,,,,,,,,,,,,,,,,,,,,,,,,,,,,,
37.2848222,127.0352449,벌-개량종,3,4241,1066.0,3086.0,336.0,7662.0,1422.0,3580.0,5572.0,2241.0,8521.0,2246.0,7041.0,5149.0,3581.0,8524.0,7043.0,8525.0,7044.0,3087.0,7277.0,335.0,5955.0,1777.0,1420.0,4247.0,8164.0,6558.0,4241.0,1064.0,5145.0,332.0,3576.0,528.0,,,,,,,,,,,,,,,,,,,,,,,,,,,,,,,,,,,,,,,,,,,,,,,,,,,,,,,,,,,,,,,,,,,,,,,,,,,,,,,,,,,,,,,,,,,
